<?xml version="1.0" encoding="UTF-8"?>
<java version="1.8.0_20" class="java.beans.XMLDecoder">
 <object class="math.Partida">
  <void property="acert">
   <int>1</int>
  </void>
  <void property="data">
   <string>18/05/2015 14:50:53</string>
  </void>
  <void property="err">
   <int>1</int>
  </void>
  <void property="mat">
   <int>123</int>
  </void>
  <void property="nome">
   <string>Victor</string>
  </void>
  <void property="nome_jogo">
   <string>Tabuada</string>
  </void>
  <void property="result">
   <int>1</int>
  </void>
 </object>
</java>
