<?xml version="1.0" encoding="UTF-8"?>
<project-private xmlns="http://www.netbeans.org/ns/project-private/1">
    <editor-bookmarks xmlns="http://www.netbeans.org/ns/editor-bookmarks/2" lastBookmarkId="0"/>
    <open-files xmlns="http://www.netbeans.org/ns/projectui-open-files/2">
        <group>
            <file>file:/C:/Users/CláudioVítor/Documents/UNIRIO/JAVA/.Math/src/math/Ranking.java</file>
            <file>file:/C:/Users/CláudioVítor/Documents/UNIRIO/JAVA/.Math/src/math/Jogo.java</file>
            <file>file:/C:/Users/CláudioVítor/Documents/UNIRIO/JAVA/.Math/src/math/Arquivo.java</file>
            <file>file:/C:/Users/CláudioVítor/Documents/UNIRIO/JAVA/.Math/src/math/Math.java</file>
            <file>file:/C:/Users/CláudioVítor/Documents/UNIRIO/JAVA/.Math/src/math/Partida.java</file>
            <file>file:/C:/Users/CláudioVítor/Documents/UNIRIO/JAVA/.Math/src/math/Aluno.java</file>
        </group>
    </open-files>
</project-private>
